movingobjectid,movingobject
8,{[POINT(-75.85604963631465 7.006763522907839)@2022-06-27 00:00:10+00]}
