NestID,Geometry
Nest1,"POLYGON ((52.36685528425732 4.907179714281839, 52.36685528425732 4.9081797142818395, 52.36785528425732 4.9081797142818395, 52.36785528425732 4.907179714281839, 52.36685528425732 4.907179714281839))"
Nest2,"POLYGON ((52.378520846545285 4.908661844965728, 52.378520846545285 4.909661844965728, 52.37952084654528 4.909661844965728, 52.37952084654528 4.908661844965728, 52.378520846545285 4.908661844965728))"
Nest3,"POLYGON ((52.37626124526781 4.908543787414512, 52.37626124526781 4.9095437874145125, 52.37726124526781 4.9095437874145125, 52.37726124526781 4.908543787414512, 52.37626124526781 4.908543787414512))"
